<?xml version="1.0" encoding="UTF-8"?>
<beans
	xmlns="http://www.springframework.org/schema/beans"
	xmlns:xsi="http://www.w3.org/2001/XMLSchema-instance"
	xmlns:p="http://www.springframework.org/schema/p"
	xsi:schemaLocation="http://www.springframework.org/schema/beans http://www.springframework.org/schema/beans/spring-beans-3.0.xsd">

<bean id="address1" class="com.spring.setter.Address" >

<property name="addressLine1" value="OMR"></property>
<property name="city" value="Chennai"></property>
<property name="state" value="TN"></property>
<property name="country" value="India"></property>

</bean>

<bean id="obj" class="com.spring.setter.Employee">

<property name="id" value="1"></property>
<property name="name" value=" Vijay K"></property>

<property name="address" ref="address1"></property>
</bean>

<bean id="obj1" class="com.spring.setter.Employee">

<property name="id" value="1"></property>
<property name="name" value=" Ajay K"></property>

<property name="address" ref="address1"></property>
</bean>

</beans>