<beans xmlns="http://www.springframework.org/schema/beans"
	xmlns:xsi="http://www.w3.org/2001/XMLSchema-instance"
	xsi:schemaLocation="http://www.springframework.org/schema/beans
http://www.springframework.org/schema/beans/spring-beans-4.0.xsd">

	<bean id="membership" class="com.springs.apps.MemberShip">
		<constructor-arg value="201"/>
		<constructor-arg value="permanent"/>
		<constructor-arg value="12"/>
		
	</bean>
	<bean id="customer" class="com.springs.apps.Customer">
		<constructor-arg value="101"/>
		<constructor-arg value="Venkat"/>
		<constructor-arg value="venkat@gmail.com"/>
		<constructor-arg value="9976546688"/>
		
		<constructor-arg ref="membership"/>
	</bean>
</beans>