<?xml version="1.0" encoding="UTF-8"?>
<beans xmlns="http://www.springframework.org/schema/beans"
	xmlns:xsi="http://www.w3.org/2001/XMLSchema-instance"
	xmlns:p="http://www.springframework.org/schema/p"
	xsi:schemaLocation="http://www.springframework.org/schema/beans  
                http://www.springframework.org/schema/beans/spring-beans-3.0.xsd">

	<bean id="obj" class="com.cts.setinject.Employee">
		<property name="id">
			<value>20</value>
		</property>
		<property name="name">
			<value>Arun</value>
		</property>
		<property name="city">
			<value>Ghaziabad</value>
		</property>

	</bean>
	
	
	<bean id="obj1" class="com.cts.setinject.Employee">
		<property name="id">
			<value>200</value>
		</property>
		<property name="name">
			<value>Venkat</value>
		</property>
		<property name="city">
			<value>Hyderabad</value>
		</property>

	</bean>

</beans>  